[
  {
    "answers": [
      "1",
      "0",
      "-5",
      "2"
    ],
    "correct": "1",
    "explanation": "Change the equation to the same denominator 3x/15+4(x-1)/15=3/15 then simplify the result.",
    "question": "Solve x/5+(x-1)/3=1/5."
  },
  {
    "answers": [
      "-100",
      "100",
      "-50",
      "50"
    ],
    "correct": "50",
    "explanation": "Simplify the equation so there is just the square root left then square the result and find x.",
    "question": "Solve 2*sqrt(200/x)+6=10"
  }
]
