[
  {
    "answers": [
      "4, 5, 6, 7",
      "3, 4, 5, 6",
      "3, 4, 5, 6, 7",
      "4, 5, 6"
    ],
    "correct": "3, 4, 5, 6, 7",
    "explanation": "The range is inclusive so 3, 4, 5, 6, 7 are all included.",
    "question": "Write down the values which satisfy the inequality 3\u2264x\u22647."
  },
  {
    "answers": [
      "5(2x+1)",
      "10(2x^2+1)",
      "10x(2x+1)",
      "5x(2x+1)"
    ],
    "correct": "5x(2x+1)",
    "explanation": "Both values can be divided by 5x so that is the common factor.",
    "question": "Factorise the expression fully 10x^2+5x."
  }
]
