{
  "columns": 0,
  "grid": {
    "height": 1,
    "orientation": "orthogonal",
    "width": 1
  },
  "margin": 0,
  "name": "EducationalGame",
  "spacing": 0,
  "tilecount": 10,
  "tiledversion": "1.8.2",
  "tileheight": 128,
  "tiles": [
    {
      "id": 0,
      "image": "../textures/box.png",
      "imageheight": 128,
      "imagewidth": 128
    },
    {
      "id": 1,
      "image": "../textures/coin.png",
      "imageheight": 128,
      "imagewidth": 128
    },
    {
      "id": 2,
      "image": "../textures/enemy_idle.png",
      "imageheight": 128,
      "imagewidth": 96
    },
    {
      "id": 3,
      "image": "../textures/floor_bottom.png",
      "imageheight": 128,
      "imagewidth": 128
    },
    {
      "id": 4,
      "image": "../textures/floor_top.png",
      "imageheight": 128,
      "imagewidth": 128
    },
    {
      "id": 5,
      "image": "../textures/player_idle.png",
      "imageheight": 128,
      "imagewidth": 96
    },
    {
      "id": 6,
      "image": "../textures/wall.png",
      "imageheight": 128,
      "imagewidth": 128
    },
    {
      "id": 7,
      "image": "../textures/door_mid.png",
      "imageheight": 128,
      "imagewidth": 128
    },
    {
      "id": 8,
      "image": "../textures/door_top.png",
      "imageheight": 128,
      "imagewidth": 128
    },
    {
      "id": 9,
      "image": "../textures/boss_idle.png",
      "imageheight": 128,
      "imagewidth": 96
    }
  ],
  "tilewidth": 128,
  "type": "tileset",
  "version": "1.8"
}
