[
  {
    "answers": [
      "\u00a3124",
      "\u00a358",
      "\u00a365",
      "\u00a350"
    ],
    "correct": "\u00a358",
    "explanation": "There are 12 lines at \u00a34 each so 12*\u00a34=\u00a348 then add \u00a310 for the extra cost.",
    "question": "Advertisements cost \u00a34 per line plus \u00a310. Find the cost for an advertisement with 12 lines."
  },
  {
    "answers": [
      "6x+12",
      "4x+12",
      "6x+8",
      "4x+8"
    ],
    "correct": "6x+12",
    "explanation": "Multiply each term in the brackets with the one on the outside so (3*2x)+(3*4) then simplify.",
    "question": "Multiply out the brackets 3(2x+4)."
  }
]
