[
  {
    "answers": [
      "4, 5, ...",
      "5, 6, ...",
      "4, 3, ...",
      "3, 2, ..."
    ],
    "correct": "5, 6, ...",
    "explanation": "'>' means greater than so you should choose all the values that are greater than 4.",
    "question": "Given that x is a whole number, what are the possible values of x if x > 4?"
  },
  {
    "answers": [
      "8",
      "10",
      "-9",
      "9"
    ],
    "correct": "9",
    "explanation": "You can substitute b=7.6 and c=3.6 into A=b+5-c giving A=7.6+5-3.6 and then simplify it.",
    "question": "Calculate A=b+5-c where b=7.6 and c=3.6."
  }
]
