{
  "compressionlevel": -1,
  "height": 17,
  "infinite": false,
  "layers": [
    {
      "compression": "zlib",
      "data": "eJxjYBgFgx0woeGBcgM99IyCUTDSwFDNJwNZHg1lMBpmgw8AAHRoABU=",
      "encoding": "base64",
      "height": 17,
      "id": 3,
      "name": "Coins",
      "opacity": 1,
      "type": "tilelayer",
      "visible": true,
      "width": 34,
      "x": 0,
      "y": 0
    },
    {
      "compression": "zlib",
      "data": "eJxjYBgFo2AUjIJRMApGAb0AM5XUEWMOsXaNZAAAGTQADQ==",
      "encoding": "base64",
      "height": 17,
      "id": 4,
      "name": "Enemies",
      "opacity": 1,
      "type": "tilelayer",
      "visible": true,
      "width": 34,
      "x": 0,
      "y": 0
    },
    {
      "compression": "zlib",
      "data": "eJxjYBgFo2AUjIJRMNwA20A7YBSMgiECABwQAAc=",
      "encoding": "base64",
      "height": 17,
      "id": 5,
      "name": "Player",
      "opacity": 1,
      "type": "tilelayer",
      "visible": true,
      "width": 34,
      "x": 0,
      "y": 0
    },
    {
      "compression": "zlib",
      "data": "eJxjYWBgYBnFKHigwWB1ByOJmFbuIBVQyy2DNV7IAdQIk+ESHiMxfdAz3+Iyn1p2ETIXV3gQaz8x6tDVMCLRMEzr9EGsf2DuYB1gPND1PDIGAC2MAs8=",
      "encoding": "base64",
      "height": 17,
      "id": 1,
      "name": "Platforms",
      "opacity": 1,
      "type": "tilelayer",
      "visible": true,
      "width": 34,
      "x": 0,
      "y": 0
    },
    {
      "compression": "zlib",
      "data": "eJxjYBgFo2AUjIJRMAqoBzgH2gFQwDHQDhgFQwIAADJ4ABI=",
      "encoding": "base64",
      "height": 17,
      "id": 7,
      "name": "Door",
      "opacity": 1,
      "type": "tilelayer",
      "visible": true,
      "width": 34,
      "x": 0,
      "y": 0
    },
    {
      "compression": "zlib",
      "data": "eJxjYBgF9ADsA+0AKBh1ByoYdQcqGHUHKhh1ByoYdQcqGHXH8AAAnOcAXA==",
      "encoding": "base64",
      "height": 17,
      "id": 6,
      "name": "Walls2",
      "opacity": 1,
      "type": "tilelayer",
      "visible": true,
      "width": 34,
      "x": 0,
      "y": 0
    },
    {
      "compression": "zlib",
      "data": "eJztzqEBAAAIw7A5/v8Yg6nFIGguSKKtug4MH+SDfJAP8kE+/mmsiwBc",
      "encoding": "base64",
      "height": 17,
      "id": 2,
      "name": "Walls1",
      "opacity": 1,
      "type": "tilelayer",
      "visible": true,
      "width": 34,
      "x": 0,
      "y": 0
    }
  ],
  "nextlayerid": 8,
  "nextobjectid": 1,
  "orientation": "orthogonal",
  "renderorder": "right-down",
  "tiledversion": "1.8.1",
  "tileheight": 128,
  "tilesets": [
    {
      "firstgid": 1,
      "source": "../tileset.json"
    }
  ],
  "tilewidth": 128,
  "type": "map",
  "version": "1.8",
  "width": 34
}
