[
  {
    "answers": [
      "7g",
      "7+g",
      "7-g",
      "7/g"
    ],
    "correct": "7g",
    "explanation": "You need to multiply the number of children by the cost per child. So, 7*g=7g.",
    "question": "If g is the cost of admission for one child to the zoo, what is the cost for 7 children?"
  },
  {
    "answers": [
      "19.3",
      "18.7",
      "18.3",
      "19.7"
    ],
    "correct": "18.3",
    "explanation": "You can substitute C=21.7 into R=40-C giving R=40-21.7 and then simplify it.",
    "question": "Calculate R=40-C where C=21.7."
  }
]
