{
  "compressionlevel": -1,
  "height": 17,
  "infinite": false,
  "layers": [
    {
      "compression": "zlib",
      "data": "eJxjYBgF6ICJTHlC+ihVPxgBpX6mZRhQaja56YBe9g9mQGweIZVPrNxQAuT6gxL/0zrsSM3n5JapA5kGqOk2avtzuOQNegEAGscAPw==",
      "encoding": "base64",
      "height": 17,
      "id": 3,
      "name": "Coins",
      "opacity": 1,
      "type": "tilelayer",
      "visible": true,
      "width": 34,
      "x": 0,
      "y": 0
    },
    {
      "compression": "zlib",
      "data": "eJxjYBgFxAJmGuun1PzBCEb9NApAgNK0j0t+MMfFYHbbKBg8AF86oVW+GQWoAADDyAAr",
      "encoding": "base64",
      "height": 17,
      "id": 4,
      "name": "Enemies",
      "opacity": 1,
      "type": "tilelayer",
      "visible": true,
      "width": 34,
      "x": 0,
      "y": 0
    },
    {
      "compression": "zlib",
      "data": "eJxjYBgFo2AUjIJRMApGAT0A20A7YBRgAAASgAAH",
      "encoding": "base64",
      "height": 17,
      "id": 5,
      "name": "Player",
      "opacity": 1,
      "type": "tilelayer",
      "visible": true,
      "width": 34,
      "x": 0,
      "y": 0
    },
    {
      "compression": "zlib",
      "data": "eJxjYWBgYBnFKHigAcwdjFD+QNGDLTxAYCDDZLCFx2j6gIDR9IEKRtMHKhhNH6gA5g7WAcYDXc8jYwBI+wMJ",
      "encoding": "base64",
      "height": 17,
      "id": 1,
      "name": "Platforms",
      "opacity": 1,
      "type": "tilelayer",
      "visible": true,
      "width": 34,
      "x": 0,
      "y": 0
    },
    {
      "compression": "zlib",
      "data": "eJxjYBgFowATcA60A6CAY6AdMApGwSgYBaNgWAMAergAEg==",
      "encoding": "base64",
      "height": 17,
      "id": 7,
      "name": "Door",
      "opacity": 1,
      "type": "tilelayer",
      "visible": true,
      "width": 34,
      "x": 0,
      "y": 0
    },
    {
      "compression": "zlib",
      "data": "eJxjYBgF9ADsA+0AKBh1ByoYdQcqGHUHKhh1ByoYdQcqGHXH8AAAnOcAXA==",
      "encoding": "base64",
      "height": 17,
      "id": 6,
      "name": "Walls2",
      "opacity": 1,
      "type": "tilelayer",
      "visible": true,
      "width": 34,
      "x": 0,
      "y": 0
    },
    {
      "compression": "zlib",
      "data": "eJztzqEBAAAIw7A5/v8Yg6nFIGguSKKtug4MH+SDfJAP8kE+/mmsiwBc",
      "encoding": "base64",
      "height": 17,
      "id": 2,
      "name": "Walls1",
      "opacity": 1,
      "type": "tilelayer",
      "visible": true,
      "width": 34,
      "x": 0,
      "y": 0
    }
  ],
  "nextlayerid": 8,
  "nextobjectid": 1,
  "orientation": "orthogonal",
  "renderorder": "right-down",
  "tiledversion": "1.8.1",
  "tileheight": 128,
  "tilesets": [
    {
      "firstgid": 1,
      "source": "../tileset.json"
    }
  ],
  "tilewidth": 128,
  "type": "map",
  "version": "1.8",
  "width": 34
}
