{
  "compressionlevel": -1,
  "height": 17,
  "infinite": false,
  "layers": [
    {
      "compression": "zlib",
      "data": "eJxjYBgF6IAJDY+6g7A78IlT4vaB9DcuQIybmNBoaps7mACp4YFPPRMONiV20xtQGh6k5jFS1dAbjOYX0gF6+sCHyTF3FKACAM0XAGc=",
      "encoding": "base64",
      "height": 17,
      "id": 3,
      "name": "Coins",
      "opacity": 1,
      "type": "tilelayer",
      "visible": true,
      "width": 34,
      "x": 0,
      "y": 0
    },
    {
      "compression": "zlib",
      "data": "eJxjYBgFo4AwYEajSdFDbbVDEWDz33D1M638NVzDCx8YiX6mBAzl8MLldnTxoezHwQoAs+QAKA==",
      "encoding": "base64",
      "height": 17,
      "id": 4,
      "name": "Enemies",
      "opacity": 1,
      "type": "tilelayer",
      "visible": true,
      "width": 34,
      "x": 0,
      "y": 0
    },
    {
      "compression": "zlib",
      "data": "eJxjYBgFo2AUjIJRMApGAT0A20A7YBRgAAASgAAH",
      "encoding": "base64",
      "height": 17,
      "id": 5,
      "name": "Player",
      "opacity": 1,
      "type": "tilelayer",
      "visible": true,
      "width": 34,
      "x": 0,
      "y": 0
    },
    {
      "compression": "zlib",
      "data": "eJztVUEKACAIM6j/f7lTYGKppXlpMIgxaMmqCgD1c2I2fo4ZI0dREJQ+K3EOLYpS2+kccA5LfrqmGqfveDMPLsfKK+G0H3R/SY/sh3Tel/3w8nrcFw9v1Pth9UbOw4KRoyUz+5/H7PfHA0I=",
      "encoding": "base64",
      "height": 17,
      "id": 1,
      "name": "Platforms",
      "opacity": 1,
      "type": "tilelayer",
      "visible": true,
      "width": 34,
      "x": 0,
      "y": 0
    },
    {
      "compression": "zlib",
      "data": "eJxjYBgFo2AUjETAOdAOgAKOgXbAKBgFo2BEAwBalAAS",
      "encoding": "base64",
      "height": 17,
      "id": 7,
      "name": "Door",
      "opacity": 1,
      "type": "tilelayer",
      "visible": true,
      "width": 34,
      "x": 0,
      "y": 0
    },
    {
      "compression": "zlib",
      "data": "eJxjYBgF9ADsA+0AKBh1ByoYdQcqGHUHKhh1ByoYdQcqGHXH8AAAnOcAXA==",
      "encoding": "base64",
      "height": 17,
      "id": 6,
      "name": "Walls2",
      "opacity": 1,
      "type": "tilelayer",
      "visible": true,
      "width": 34,
      "x": 0,
      "y": 0
    },
    {
      "compression": "zlib",
      "data": "eJztzqEBAAAIw7A5/v8Yg6nFIGguSKKtug4MH+SDfJAP8kE+/mmsiwBc",
      "encoding": "base64",
      "height": 17,
      "id": 2,
      "name": "Walls1",
      "opacity": 1,
      "type": "tilelayer",
      "visible": true,
      "width": 34,
      "x": 0,
      "y": 0
    }
  ],
  "nextlayerid": 8,
  "nextobjectid": 1,
  "orientation": "orthogonal",
  "renderorder": "right-down",
  "tiledversion": "1.8.1",
  "tileheight": 128,
  "tilesets": [
    {
      "firstgid": 1,
      "source": "../tileset.json"
    }
  ],
  "tilewidth": 128,
  "type": "map",
  "version": "1.8",
  "width": 34
}
