{
  "compressionlevel": -1,
  "height": 17,
  "infinite": false,
  "layers": [
    {
      "compression": "zlib",
      "data": "eJxjYBgFgx0wESFHjJqhCAaj26npJnSzCJk9FMODFD+OxPAYLIBW6XqohgexgIlIPFLcMRQBABAPAFM=",
      "encoding": "base64",
      "height": 17,
      "id": 3,
      "name": "Coins",
      "opacity": 1,
      "type": "tilelayer",
      "visible": true,
      "width": 34,
      "x": 0,
      "y": 0
    },
    {
      "compression": "zlib",
      "data": "eJxjYBgFQwkwU1ndYAJD0c0wMJzjZRSMTEBKWh1N1+QDUssOQuqR1RGrZ6QDAJW0ACs=",
      "encoding": "base64",
      "height": 17,
      "id": 4,
      "name": "Enemies",
      "opacity": 1,
      "type": "tilelayer",
      "visible": true,
      "width": 34,
      "x": 0,
      "y": 0
    },
    {
      "compression": "zlib",
      "data": "eJxjYBgFo2AUjIJRMApGAT0A20A7YBRgAAASgAAH",
      "encoding": "base64",
      "height": 17,
      "id": 5,
      "name": "Player",
      "opacity": 1,
      "type": "tilelayer",
      "visible": true,
      "width": 34,
      "x": 0,
      "y": 0
    },
    {
      "compression": "zlib",
      "data": "eJztlcEKACAIQw3s/3+5q0HQJpoeGuxm8VxiKiL6vbla3TgGaCFrWY5oMcyvOBBZjqh3OXHczjB5MD1688joEa2xHIjYHpk7vfMRLW8e0bvGMx8Z6rbXZ7Gr/3nrBdL3Ay0=",
      "encoding": "base64",
      "height": 17,
      "id": 1,
      "name": "Platforms",
      "opacity": 1,
      "type": "tilelayer",
      "visible": true,
      "width": 34,
      "x": 0,
      "y": 0
    },
    {
      "compression": "zlib",
      "data": "eJxjYBgF6IBzoB0ABRwD7YBRMApGwSgYBaNgmAMAi/wAEg==",
      "encoding": "base64",
      "height": 17,
      "id": 7,
      "name": "Door",
      "opacity": 1,
      "type": "tilelayer",
      "visible": true,
      "width": 34,
      "x": 0,
      "y": 0
    },
    {
      "compression": "zlib",
      "data": "eJxjYBgF9ADsA+0AKBh1ByoYdQcqGHUHKhh1ByoYdQcqGHXH8AAAnOcAXA==",
      "encoding": "base64",
      "height": 17,
      "id": 6,
      "name": "Walls2",
      "opacity": 1,
      "type": "tilelayer",
      "visible": true,
      "width": 34,
      "x": 0,
      "y": 0
    },
    {
      "compression": "zlib",
      "data": "eJztzqEBAAAIw7A5/v8Yg6nFIGguSKKtug4MH+SDfJAP8kE+/mmsiwBc",
      "encoding": "base64",
      "height": 17,
      "id": 2,
      "name": "Walls1",
      "opacity": 1,
      "type": "tilelayer",
      "visible": true,
      "width": 34,
      "x": 0,
      "y": 0
    }
  ],
  "nextlayerid": 8,
  "nextobjectid": 1,
  "orientation": "orthogonal",
  "renderorder": "right-down",
  "tiledversion": "1.8.1",
  "tileheight": 128,
  "tilesets": [
    {
      "firstgid": 1,
      "source": "../tileset.json"
    }
  ],
  "tilewidth": 128,
  "type": "map",
  "version": "1.8",
  "width": 34
}
